student_id,name,gender,age,attendance_percentage,internal_score_1,internal_score_2,internal_score_3,assignment_submission_rate,participation_score,library_usage_hours,extracurricular_score,final_grade,performance_label
STU001,Student 1,Male,22,62.12,32.33,20.33,40.6,90.44,8,9.89,41.66,C,Average
STU002,Student 2,Female,22,63.46,31.82,49.74,21.56,98.03,8,12.19,34.1,C,Average
STU003,Student 3,Male,18,68.86,35.73,47.45,45.04,88.1,3,7.34,30.47,B,Good
STU004,Student 4,Male,20,51.0,43.86,33.9,43.67,71.92,10,11.72,12.44,B,Good
STU005,Student 5,Male,19,66.1,27.17,44.47,33.93,64.21,1,17.32,21.51,D,At Risk
STU006,Student 6,Female,18,60.57,38.73,33.23,39.86,91.27,9,29.77,13.73,B,Good
STU007,Student 7,Male,19,66.37,34.8,36.83,26.0,85.77,6,20.6,48.55,C,Average
STU008,Student 8,Male,19,55.99,24.35,18.12,31.49,61.93,9,7.58,15.4,D,At Risk
STU009,Student 9,Male,20,94.53,45.75,41.43,43.76,74.4,7,3.26,16.07,B,Good
STU010,Student 10,Female,19,79.68,42.91,19.47,31.07,98.27,1,5.54,45.58,C,Average
STU011,Student 11,Male,19,83.96,38.05,43.91,27.52,80.02,1,17.75,47.76,C,Average
STU012,Student 12,Male,20,89.46,44.77,42.37,32.3,77.31,6,23.42,40.63,B,Good
STU013,Student 13,Male,19,74.92,45.36,39.81,43.99,78.31,5,28.33,10.22,B,Good
STU014,Student 14,Male,19,54.35,39.79,16.27,26.73,68.36,9,2.44,10.05,D,At Risk
STU015,Student 15,Female,19,76.86,44.3,25.61,21.08,74.75,2,16.64,25.12,D,At Risk
STU016,Student 16,Male,18,79.34,39.41,24.21,39.92,74.79,8,15.18,15.74,C,Average
STU017,Student 17,Female,18,87.27,38.8,27.6,43.91,62.09,5,20.37,10.74,C,Average
STU018,Student 18,Female,18,71.58,36.65,18.07,18.52,90.7,2,17.67,28.56,D,At Risk
STU019,Student 19,Female,20,56.38,41.35,47.79,23.4,76.66,10,21.24,47.72,C,Average
STU020,Student 20,Male,22,64.19,20.55,34.38,19.97,92.89,6,20.43,22.95,D,At Risk
STU021,Student 21,Female,19,68.15,45.83,25.69,27.18,94.01,10,5.28,36.45,B,Good
STU022,Student 22,Male,19,82.3,45.51,28.89,30.76,68.48,8,24.39,36.09,C,Average
STU023,Student 23,Female,20,78.54,16.02,30.65,41.21,86.29,4,5.45,20.04,C,Average
STU024,Student 24,Female,19,67.8,43.9,36.02,37.79,78.89,2,21.56,36.02,C,Average
STU025,Student 25,Female,18,99.33,19.51,33.05,36.73,95.21,5,13.65,18.49,C,Average
STU026,Student 26,Female,22,80.29,26.73,47.18,27.33,68.63,2,16.39,14.88,C,Average
STU027,Student 27,Female,21,61.86,41.02,32.39,44.45,87.11,2,27.29,38.06,C,Average
STU028,Student 28,Female,19,55.09,20.63,49.73,31.5,84.31,6,26.92,14.54,C,Average
STU029,Student 29,Female,18,57.64,43.63,44.8,49.27,71.81,10,24.9,49.88,B,Good
STU030,Student 30,Female,21,62.3,44.12,22.3,37.19,65.46,9,16.28,17.34,C,Average
STU031,Student 31,Male,22,58.03,32.76,47.57,19.42,86.07,4,22.61,33.77,C,Average
STU032,Student 32,Male,21,59.33,15.22,19.07,38.67,89.54,6,16.36,26.45,D,At Risk
STU033,Student 33,Female,18,64.25,25.05,43.61,26.38,72.63,7,26.35,15.06,C,Average
STU034,Student 34,Female,21,58.67,36.59,28.32,39.02,85.79,6,13.28,11.11,C,Average
STU035,Student 35,Female,20,94.84,49.34,45.73,17.44,75.81,8,29.17,34.91,B,Good
STU036,Student 36,Male,21,54.01,37.11,45.38,21.12,88.53,4,28.11,42.27,C,Average
STU037,Student 37,Female,19,76.23,24.09,43.21,44.95,67.97,1,22.76,43.68,C,Average
STU038,Student 38,Male,19,70.52,37.19,42.65,22.95,95.61,7,9.82,29.31,C,Average
STU039,Student 39,Male,20,99.12,33.9,25.66,44.3,71.5,3,5.69,41.1,C,Average
STU040,Student 40,Male,18,55.6,42.29,17.83,24.77,74.71,6,25.93,36.91,D,At Risk
STU041,Student 41,Male,19,69.89,18.74,29.1,37.5,62.32,2,6.63,38.97,D,At Risk
STU042,Student 42,Male,22,98.47,41.64,21.07,39.3,64.46,9,25.92,29.7,B,Good
STU043,Student 43,Female,19,93.28,33.94,39.32,32.94,80.63,1,15.74,35.34,C,Average
STU044,Student 44,Female,19,90.85,48.7,27.11,25.69,70.7,6,13.38,42.22,C,Average
STU045,Student 45,Female,18,62.9,26.97,49.15,22.44,93.42,6,27.29,25.92,C,Average
STU046,Student 46,Female,21,58.54,37.14,37.43,16.16,60.59,5,18.91,42.24,D,At Risk
STU047,Student 47,Female,19,83.43,47.62,43.79,25.64,75.16,5,18.15,33.68,B,Good
STU048,Student 48,Male,20,96.47,18.59,19.64,37.86,73.49,1,17.65,16.64,D,At Risk
STU049,Student 49,Female,21,77.84,47.8,45.17,47.84,60.77,10,12.39,10.99,B,Good
STU050,Student 50,Female,22,78.58,39.08,47.3,45.49,64.97,5,24.0,24.51,B,Good
STU051,Student 51,Male,18,64.0,17.37,32.05,41.81,76.55,2,9.08,31.87,D,At Risk
STU052,Student 52,Female,22,88.47,25.53,36.22,42.6,79.71,7,28.29,43.59,B,Good
STU053,Student 53,Male,21,59.35,39.79,41.77,38.27,76.17,3,27.03,15.1,C,Average
STU054,Student 54,Female,21,66.18,17.36,21.12,24.11,81.24,4,11.45,42.01,D,At Risk
STU055,Student 55,Male,21,71.27,35.38,32.59,46.75,83.81,3,22.42,44.52,C,Average
STU056,Student 56,Female,22,75.38,27.11,28.95,38.48,60.4,3,18.05,16.03,D,At Risk
STU057,Student 57,Female,21,62.12,36.73,20.12,34.62,78.56,4,11.45,44.06,D,At Risk
STU058,Student 58,Male,22,55.74,16.6,27.86,18.88,98.54,5,29.68,49.66,D,At Risk
STU059,Student 59,Male,21,80.53,45.5,17.39,30.65,80.76,1,2.71,39.07,D,At Risk
STU060,Student 60,Male,20,64.43,49.07,15.9,31.11,87.1,4,9.07,41.39,C,Average
STU061,Student 61,Male,21,79.06,48.91,19.73,45.26,72.47,8,16.56,49.78,B,Good
STU062,Student 62,Male,22,57.72,41.24,48.71,34.13,90.96,10,16.61,34.22,B,Good
STU063,Student 63,Male,19,74.06,19.55,34.23,28.31,90.92,7,18.49,22.32,C,Average
STU064,Student 64,Male,21,76.63,41.54,48.8,49.19,80.85,9,23.05,43.5,A,Excellent
STU065,Student 65,Male,19,52.59,15.86,30.14,18.88,99.04,5,19.46,34.58,D,At Risk
STU066,Student 66,Female,20,66.83,15.77,25.91,29.79,65.02,10,18.81,33.25,D,At Risk
STU067,Student 67,Female,18,56.72,26.33,32.71,16.47,60.68,4,3.5,20.15,D,At Risk
STU068,Student 68,Male,20,53.17,32.1,30.38,40.9,90.81,8,12.54,40.25,C,Average
STU069,Student 69,Female,21,99.5,41.96,18.7,47.13,92.29,9,8.5,13.27,B,Good
STU070,Student 70,Female,19,66.12,38.92,37.43,24.8,64.81,7,9.43,46.97,C,Average
STU071,Student 71,Female,19,90.49,30.61,22.56,45.04,70.62,7,17.52,23.03,C,Average
STU072,Student 72,Female,22,62.73,24.58,36.69,25.23,60.7,5,7.59,15.11,D,At Risk
STU073,Student 73,Male,19,84.08,49.9,37.76,46.88,71.73,4,10.23,27.69,B,Good
STU074,Student 74,Female,22,88.01,29.92,20.32,41.39,90.93,10,8.64,11.7,B,Good
STU075,Student 75,Male,18,79.78,30.8,17.15,43.17,80.72,1,28.56,37.39,D,At Risk
STU076,Student 76,Female,21,73.58,20.73,42.33,15.63,73.92,10,28.45,46.11,C,Average
STU077,Student 77,Female,22,70.59,42.82,31.09,48.7,74.87,10,19.08,43.49,B,Good
STU078,Student 78,Female,18,67.44,39.28,17.04,40.43,60.05,7,27.89,15.09,D,At Risk
STU079,Student 79,Male,19,96.48,22.73,49.82,25.67,71.99,1,24.0,15.05,C,Average
STU080,Student 80,Female,19,91.53,17.88,17.02,44.03,85.86,1,18.52,42.54,D,At Risk
STU081,Student 81,Male,18,98.25,38.82,39.33,24.85,98.97,5,2.18,46.97,B,Good
STU082,Student 82,Female,19,56.21,37.91,49.43,45.55,93.88,9,23.63,28.43,B,Good
STU083,Student 83,Male,18,86.54,24.56,23.37,18.94,60.94,6,21.67,29.96,D,At Risk
STU084,Student 84,Female,22,96.92,48.28,19.98,39.63,95.94,3,19.23,22.73,B,Good
STU085,Student 85,Male,22,59.06,20.29,19.25,33.92,91.33,3,23.29,45.77,D,At Risk
STU086,Student 86,Male,18,53.32,30.13,25.61,18.38,91.22,7,16.36,35.8,D,At Risk
STU087,Student 87,Female,22,87.06,48.03,18.54,23.47,78.32,6,21.71,21.53,C,Average
STU088,Student 88,Male,22,78.72,29.69,39.23,15.43,75.92,9,28.18,21.95,C,Average
STU089,Student 89,Female,22,92.09,37.35,17.18,31.41,72.12,6,12.52,45.65,C,Average
STU090,Student 90,Female,20,56.99,28.92,32.83,25.54,62.63,5,21.83,10.55,D,At Risk
STU091,Student 91,Female,21,89.76,24.6,49.88,35.94,69.13,10,15.32,22.91,B,Good
STU092,Student 92,Female,19,60.08,49.44,43.49,25.4,69.86,7,20.88,32.17,C,Average
STU093,Student 93,Female,20,58.18,29.33,36.53,25.5,79.36,1,23.36,15.93,D,At Risk
STU094,Student 94,Female,22,58.21,46.29,25.72,41.01,89.9,7,3.27,13.68,C,Average
STU095,Student 95,Female,18,90.73,23.05,36.84,16.68,78.95,3,20.1,42.61,D,At Risk
STU096,Student 96,Female,22,83.26,22.46,33.45,46.6,62.31,9,8.35,45.78,C,Average
STU097,Student 97,Female,21,76.15,16.09,29.91,44.83,98.31,6,20.76,42.94,C,Average
STU098,Student 98,Female,22,67.94,37.81,19.57,38.37,97.71,9,15.11,45.95,C,Average
STU099,Student 99,Female,18,93.86,27.9,46.03,35.76,91.41,5,23.66,32.12,B,Good
STU100,Student 100,Male,21,69.62,45.25,30.74,46.23,99.65,7,5.46,42.49,B,Good
STU101,Student 101,Male,22,90.83,31.56,21.81,21.49,81.78,4,19.54,25.36,D,At Risk
STU102,Student 102,Female,21,71.96,48.89,27.87,17.76,98.51,7,9.8,36.65,C,Average
STU103,Student 103,Female,19,68.85,21.49,29.49,23.38,63.02,1,25.88,49.55,D,At Risk
STU104,Student 104,Female,19,73.13,45.4,43.96,42.81,74.63,7,27.99,19.03,B,Good
STU105,Student 105,Female,22,65.07,42.18,40.68,16.21,69.02,8,29.9,25.6,C,Average
STU106,Student 106,Female,21,87.38,41.98,41.93,35.4,67.83,5,24.29,29.2,B,Good
STU107,Student 107,Female,18,75.14,44.57,15.39,49.84,65.63,2,23.1,15.52,C,Average
STU108,Student 108,Female,22,61.61,41.64,29.57,44.95,84.9,5,8.03,13.24,C,Average
STU109,Student 109,Female,19,94.98,36.92,31.85,33.25,91.25,6,11.41,43.19,B,Good
STU110,Student 110,Male,19,69.19,19.59,15.67,17.23,83.13,2,15.04,49.07,F,At Risk
STU111,Student 111,Female,22,77.18,16.14,24.09,44.1,65.88,6,23.65,26.19,D,At Risk
STU112,Student 112,Male,21,95.32,47.23,41.61,35.96,92.44,6,27.62,13.51,A,Excellent
STU113,Student 113,Female,19,81.21,36.58,19.8,19.02,85.44,1,7.3,12.63,D,At Risk
STU114,Student 114,Female,21,55.84,42.88,33.74,18.29,75.53,1,27.83,45.65,D,At Risk
STU115,Student 115,Male,19,96.99,31.85,22.53,46.84,86.97,10,21.48,28.55,B,Good
STU116,Student 116,Female,19,81.39,19.11,15.42,38.42,70.4,3,19.1,22.8,D,At Risk
STU117,Student 117,Male,20,66.75,19.38,23.44,44.03,73.81,10,7.6,29.06,C,Average
STU118,Student 118,Female,19,56.96,38.99,49.16,45.76,96.7,10,3.55,22.73,A,Excellent
STU119,Student 119,Female,18,89.7,30.06,43.05,35.01,71.62,3,17.92,29.56,C,Average
STU120,Student 120,Male,22,81.0,22.02,48.59,33.11,78.8,4,20.24,44.38,C,Average
STU121,Student 121,Female,22,76.67,32.21,32.07,30.06,95.61,2,7.9,33.69,C,Average
STU122,Student 122,Male,21,94.69,17.25,18.84,26.09,88.31,9,17.58,37.79,C,Average
STU123,Student 123,Female,19,89.43,35.37,34.18,30.21,62.49,10,25.98,24.59,C,Average
STU124,Student 124,Male,18,57.58,24.41,30.9,42.09,65.89,7,25.38,39.54,D,At Risk
STU125,Student 125,Male,21,65.59,42.91,44.55,36.07,60.31,7,27.97,36.66,C,Average
STU126,Student 126,Female,20,62.42,25.86,18.43,46.24,85.24,6,12.24,14.78,C,Average
STU127,Student 127,Female,21,87.2,30.93,32.09,30.52,77.91,3,10.91,32.91,C,Average
STU128,Student 128,Male,21,51.68,15.41,20.25,36.25,65.37,6,22.98,20.27,D,At Risk
STU129,Student 129,Female,19,78.49,17.54,26.36,37.1,98.32,8,14.07,42.16,C,Average
STU130,Student 130,Female,20,88.12,28.74,40.81,35.71,81.19,8,4.45,27.04,B,Good
STU131,Student 131,Female,21,93.84,31.8,31.66,39.59,69.68,9,9.92,49.79,B,Good
STU132,Student 132,Male,18,67.1,36.0,28.16,23.31,80.02,1,13.72,13.7,D,At Risk
STU133,Student 133,Male,18,91.06,25.21,28.81,32.93,87.18,1,10.19,41.21,C,Average
STU134,Student 134,Male,22,55.53,39.32,31.08,18.65,63.05,3,11.3,36.95,D,At Risk
STU135,Student 135,Male,20,92.32,45.1,42.48,28.46,70.99,3,10.23,40.7,C,Average
STU136,Student 136,Male,20,56.37,42.29,46.22,32.07,92.28,10,3.16,22.3,B,Good
STU137,Student 137,Male,22,69.86,16.39,48.44,37.83,78.39,8,19.84,29.68,C,Average
STU138,Student 138,Male,21,89.86,31.82,42.54,48.27,81.86,10,18.72,41.86,A,Excellent
STU139,Student 139,Male,20,57.5,18.67,26.04,36.02,77.31,1,20.29,19.3,D,At Risk
STU140,Student 140,Male,18,61.46,23.47,39.08,41.03,61.76,2,7.38,19.04,D,At Risk
STU141,Student 141,Female,18,86.11,49.53,30.32,32.72,66.63,2,10.28,32.04,C,Average
STU142,Student 142,Male,19,86.0,19.99,23.91,37.19,77.82,3,19.35,30.94,D,At Risk
STU143,Student 143,Female,20,82.06,32.46,44.43,17.48,68.37,6,18.79,21.29,C,Average
STU144,Student 144,Female,21,84.7,36.64,16.34,23.9,62.0,1,16.18,21.92,D,At Risk
STU145,Student 145,Female,22,77.14,39.59,46.56,27.66,93.75,2,11.81,21.11,C,Average
STU146,Student 146,Male,22,62.59,34.59,31.15,31.54,99.25,1,27.56,40.86,C,Average
STU147,Student 147,Male,21,67.28,15.34,37.3,16.6,91.73,5,11.51,36.08,D,At Risk
STU148,Student 148,Male,19,59.08,26.43,38.08,19.9,94.15,7,14.76,43.3,C,Average
STU149,Student 149,Male,22,95.42,33.12,46.33,24.69,69.68,8,20.99,49.02,B,Good
STU150,Student 150,Female,20,79.17,18.08,37.28,49.0,98.43,10,17.2,28.97,B,Good
STU151,Student 151,Male,19,70.04,27.27,36.49,26.6,67.88,1,11.71,12.67,D,At Risk
STU152,Student 152,Male,20,73.1,16.16,17.33,31.87,98.06,7,14.2,11.92,D,At Risk
STU153,Student 153,Male,18,97.36,17.75,33.14,21.86,99.79,5,24.25,21.83,C,Average
STU154,Student 154,Male,19,57.67,28.89,20.26,36.38,88.47,10,9.79,47.3,C,Average
STU155,Student 155,Male,22,79.31,19.65,40.81,24.82,99.25,1,5.98,30.93,C,Average
STU156,Student 156,Female,19,75.29,34.86,32.93,22.24,82.78,3,10.77,20.87,D,At Risk
STU157,Student 157,Male,19,80.57,39.13,38.81,33.08,70.38,7,25.79,25.97,C,Average
STU158,Student 158,Female,19,50.91,43.02,16.46,15.19,77.48,10,4.49,33.94,D,At Risk
STU159,Student 159,Male,19,93.61,22.01,17.97,15.27,83.74,1,29.77,36.12,D,At Risk
STU160,Student 160,Female,20,96.61,20.86,40.07,22.67,62.92,7,17.15,16.16,C,Average
STU161,Student 161,Male,18,78.26,18.66,17.52,16.29,84.89,5,29.58,49.08,D,At Risk
STU162,Student 162,Male,21,84.83,37.28,17.49,18.78,99.25,1,28.29,31.79,D,At Risk
STU163,Student 163,Female,19,96.12,39.73,15.42,26.86,67.6,1,14.68,15.43,D,At Risk
STU164,Student 164,Female,22,85.36,16.11,48.48,43.09,91.7,1,7.56,45.75,C,Average
STU165,Student 165,Female,19,57.63,47.77,40.81,35.02,96.32,9,6.62,12.99,B,Good
STU166,Student 166,Male,22,78.81,16.82,27.36,32.94,97.75,3,8.72,46.31,D,At Risk
STU167,Student 167,Female,20,80.34,33.95,25.38,25.27,98.41,5,21.88,49.86,C,Average
STU168,Student 168,Male,22,71.21,39.82,27.24,47.61,80.86,10,9.64,38.02,B,Good
STU169,Student 169,Male,21,86.82,45.48,42.11,28.9,99.09,9,11.56,40.82,A,Excellent
STU170,Student 170,Female,18,96.72,39.99,38.15,18.05,90.29,6,14.57,23.49,B,Good
STU171,Student 171,Female,22,96.28,43.06,21.48,36.6,66.47,9,27.57,47.66,B,Good
STU172,Student 172,Male,22,72.54,26.88,21.09,18.98,79.08,8,7.3,31.19,D,At Risk
STU173,Student 173,Male,18,55.66,43.52,18.44,27.08,88.73,8,2.14,39.3,C,Average
STU174,Student 174,Female,21,99.24,17.8,38.11,32.76,69.89,1,3.68,46.96,D,At Risk
STU175,Student 175,Female,19,91.94,46.32,41.75,45.6,85.62,9,27.33,49.01,A,Excellent
STU176,Student 176,Female,22,56.23,34.17,24.28,32.27,86.66,6,20.13,43.33,D,At Risk
STU177,Student 177,Male,18,96.04,43.61,15.73,39.58,66.51,9,9.65,22.12,C,Average
STU178,Student 178,Male,20,93.49,30.83,17.88,49.75,82.6,3,6.96,48.66,C,Average
STU179,Student 179,Male,18,75.94,37.53,48.88,19.6,90.87,3,10.24,35.12,C,Average
STU180,Student 180,Male,20,79.56,33.42,25.34,24.62,79.96,6,5.21,47.23,C,Average
STU181,Student 181,Male,21,69.95,40.61,41.92,28.81,60.48,9,28.36,37.04,C,Average
STU182,Student 182,Male,19,52.74,17.86,36.86,29.76,60.36,7,23.96,22.29,D,At Risk
STU183,Student 183,Female,18,66.76,17.11,28.37,29.39,74.28,3,14.95,24.8,D,At Risk
STU184,Student 184,Male,22,90.14,23.65,22.2,46.77,97.05,3,26.22,32.02,C,Average
STU185,Student 185,Male,21,50.23,20.58,19.25,39.99,69.15,2,8.98,41.6,D,At Risk
STU186,Student 186,Male,18,66.67,45.51,36.53,36.28,85.37,9,22.08,22.72,B,Good
STU187,Student 187,Female,22,69.91,22.67,42.11,25.83,68.88,3,25.97,33.19,D,At Risk
STU188,Student 188,Male,18,76.87,49.16,37.54,43.83,72.87,5,11.99,23.82,B,Good
STU189,Student 189,Male,20,95.99,26.79,33.56,48.43,93.92,9,23.21,42.63,B,Good
STU190,Student 190,Female,18,67.32,21.37,16.47,43.74,89.15,8,10.26,28.67,C,Average
STU191,Student 191,Male,18,67.35,42.64,48.9,15.05,63.82,2,10.37,13.07,D,At Risk
STU192,Student 192,Male,18,86.88,38.05,42.95,37.27,77.15,3,5.0,16.64,B,Good
STU193,Student 193,Male,21,72.61,32.44,25.25,16.79,61.17,2,14.32,12.44,D,At Risk
STU194,Student 194,Male,18,61.23,34.44,49.3,24.02,79.24,8,22.43,29.97,C,Average
STU195,Student 195,Male,22,72.62,40.17,36.07,17.08,86.5,6,28.33,14.25,C,Average
STU196,Student 196,Female,20,57.04,23.0,35.38,36.13,64.74,6,18.91,14.57,D,At Risk
STU197,Student 197,Female,20,58.82,49.87,41.18,39.03,71.56,9,26.17,47.64,B,Good
STU198,Student 198,Female,18,74.92,49.12,43.41,19.01,75.91,8,25.03,44.91,B,Good
STU199,Student 199,Male,21,70.95,37.76,37.98,28.43,96.78,4,6.85,28.08,C,Average
STU200,Student 200,Male,21,95.74,21.98,19.48,30.97,99.73,4,15.6,49.43,C,Average
STU201,Student 201,Male,22,68.12,38.81,26.84,27.92,61.8,9,5.27,10.01,C,Average
STU202,Student 202,Female,18,79.03,17.53,47.48,19.24,90.44,1,21.1,34.56,D,At Risk
STU203,Student 203,Male,20,81.61,16.07,22.86,29.66,74.87,2,28.6,34.66,D,At Risk
STU204,Student 204,Male,21,50.65,24.02,28.03,41.29,75.7,2,5.84,28.3,D,At Risk
STU205,Student 205,Female,18,83.18,31.19,30.12,17.49,90.17,6,22.55,25.88,C,Average
STU206,Student 206,Male,21,58.9,45.39,30.38,17.81,96.74,4,19.7,28.22,C,Average
STU207,Student 207,Female,21,98.05,40.45,36.45,27.42,98.04,10,18.34,26.6,B,Good
STU208,Student 208,Female,20,57.43,40.99,48.01,47.96,83.08,3,12.92,39.22,B,Good
STU209,Student 209,Female,19,70.73,29.89,23.42,38.4,74.28,3,11.94,15.41,D,At Risk
STU210,Student 210,Male,22,54.27,27.11,19.25,38.75,91.5,3,3.27,17.91,D,At Risk
STU211,Student 211,Male,22,99.84,27.99,21.91,27.67,70.04,6,8.1,17.22,C,Average
STU212,Student 212,Male,20,75.11,49.57,46.04,35.78,82.56,8,2.42,20.5,B,Good
STU213,Student 213,Male,21,79.77,16.4,37.6,15.35,74.34,7,18.28,31.01,D,At Risk
STU214,Student 214,Male,18,53.35,45.35,25.01,37.26,86.27,4,4.96,14.45,C,Average
STU215,Student 215,Male,21,87.5,35.25,43.56,46.97,69.62,4,26.44,44.73,B,Good
STU216,Student 216,Male,20,60.5,30.35,45.15,36.44,67.66,10,16.65,21.89,C,Average
STU217,Student 217,Female,22,94.9,40.38,44.63,45.58,96.73,2,21.59,16.5,B,Good
STU218,Student 218,Male,21,60.26,32.03,47.16,40.34,64.07,1,13.5,37.02,C,Average
STU219,Student 219,Female,22,59.53,45.57,23.83,19.22,80.24,9,17.7,11.52,C,Average
STU220,Student 220,Male,18,51.83,46.52,41.43,46.59,68.83,2,28.39,34.8,C,Average
STU221,Student 221,Male,22,73.6,29.76,31.12,17.33,61.56,8,4.32,37.93,D,At Risk
STU222,Student 222,Male,22,78.24,24.69,44.47,33.69,61.44,9,9.11,18.6,C,Average
STU223,Student 223,Female,19,53.29,35.73,40.5,19.97,67.01,4,23.84,11.68,D,At Risk
STU224,Student 224,Female,19,88.78,46.93,42.18,15.41,94.67,8,4.76,24.55,B,Good
STU225,Student 225,Female,19,72.66,22.37,37.97,29.77,71.3,9,4.12,13.94,C,Average
STU226,Student 226,Female,22,76.22,36.8,21.21,25.33,98.02,10,12.12,14.66,C,Average
STU227,Student 227,Male,20,72.04,37.1,34.08,32.01,83.26,10,4.58,20.17,B,Good
STU228,Student 228,Female,22,70.04,40.66,49.46,35.2,77.46,5,18.38,21.82,B,Good
STU229,Student 229,Male,20,77.98,19.6,47.81,16.53,83.2,7,8.34,31.2,C,Average
STU230,Student 230,Male,20,57.76,40.05,16.51,19.31,80.67,10,27.08,37.14,D,At Risk
STU231,Student 231,Female,19,59.1,46.82,20.77,34.55,90.35,4,23.94,33.71,C,Average
STU232,Student 232,Female,21,93.09,21.29,19.61,27.01,71.3,1,21.59,15.93,D,At Risk
STU233,Student 233,Female,18,97.31,23.31,40.41,40.52,74.12,3,19.27,16.88,C,Average
STU234,Student 234,Female,19,68.67,49.0,43.62,37.83,95.76,5,26.18,45.15,B,Good
STU235,Student 235,Female,19,63.54,21.33,22.47,44.6,97.86,3,8.25,32.33,D,At Risk
STU236,Student 236,Female,21,82.2,44.9,32.7,39.24,95.7,7,26.45,44.8,B,Good
STU237,Student 237,Female,18,70.44,32.23,44.42,30.05,76.78,9,24.11,24.86,C,Average
STU238,Student 238,Female,22,51.27,23.65,40.65,38.55,91.21,6,22.95,34.58,C,Average
STU239,Student 239,Male,22,57.81,45.48,33.98,24.64,79.05,10,17.72,30.95,C,Average
STU240,Student 240,Female,19,85.8,30.59,35.66,25.72,79.9,1,8.89,22.76,D,At Risk
STU241,Student 241,Female,18,82.95,33.02,32.79,42.61,68.19,7,13.86,28.8,C,Average
STU242,Student 242,Male,19,51.35,27.57,25.41,30.62,83.65,3,24.22,30.1,D,At Risk
STU243,Student 243,Female,20,61.1,35.75,34.78,42.94,67.45,5,2.89,18.03,C,Average
STU244,Student 244,Male,19,61.55,20.72,39.11,43.78,73.26,10,23.9,22.6,C,Average
STU245,Student 245,Male,19,83.59,28.69,45.57,45.01,94.2,4,8.72,41.66,B,Good
STU246,Student 246,Female,22,50.99,48.93,37.27,47.08,68.28,10,6.04,46.63,B,Good
STU247,Student 247,Male,22,55.21,24.03,41.64,30.08,62.85,5,5.24,24.39,D,At Risk
STU248,Student 248,Male,22,90.0,37.99,20.6,26.16,62.76,5,2.76,22.28,D,At Risk
STU249,Student 249,Male,20,58.93,26.38,31.15,35.38,97.63,6,16.66,17.81,C,Average
STU250,Student 250,Male,22,82.64,42.07,15.33,27.99,80.28,10,8.11,37.14,C,Average
STU251,Student 251,Female,18,61.91,19.58,23.63,36.04,76.38,10,29.7,22.92,D,At Risk
STU252,Student 252,Male,21,54.97,48.94,40.43,39.7,92.44,6,18.08,49.51,B,Good
STU253,Student 253,Female,18,62.16,30.88,49.71,39.09,93.43,8,5.86,23.03,B,Good
STU254,Student 254,Male,18,86.11,23.26,18.47,28.11,73.29,8,21.29,25.77,D,At Risk
STU255,Student 255,Male,22,92.78,17.57,29.05,20.84,87.74,9,27.14,34.13,C,Average
STU256,Student 256,Male,21,91.51,20.94,43.0,30.07,90.84,8,22.87,42.07,B,Good
STU257,Student 257,Male,21,69.86,33.19,22.14,19.99,86.19,2,4.14,28.78,D,At Risk
STU258,Student 258,Female,21,83.4,26.8,34.43,46.15,66.06,10,27.08,26.91,B,Good
STU259,Student 259,Female,20,60.25,44.01,40.66,27.11,95.04,1,24.23,49.83,C,Average
STU260,Student 260,Male,22,64.66,30.08,36.56,20.41,81.56,10,6.43,10.42,C,Average
STU261,Student 261,Male,21,94.82,23.7,21.58,15.89,71.3,2,3.45,45.8,D,At Risk
STU262,Student 262,Female,20,50.65,36.6,27.44,37.6,77.01,2,17.6,15.97,D,At Risk
STU263,Student 263,Male,19,54.28,39.74,42.43,37.29,61.5,3,6.37,41.44,C,Average
STU264,Student 264,Male,19,60.39,20.85,34.4,26.92,65.11,10,25.37,34.72,D,At Risk
STU265,Student 265,Male,20,51.33,20.87,15.18,17.51,90.62,7,12.03,23.67,D,At Risk
STU266,Student 266,Female,20,59.07,16.28,41.63,29.34,60.0,2,27.56,44.95,D,At Risk
STU267,Student 267,Female,22,79.15,40.77,16.24,25.89,76.66,1,17.84,10.52,D,At Risk
STU268,Student 268,Female,22,71.07,38.23,41.1,38.7,80.9,6,7.11,19.07,B,Good
STU269,Student 269,Male,19,94.63,31.61,22.09,36.2,62.19,9,5.91,32.68,C,Average
STU270,Student 270,Male,21,90.87,44.55,48.53,27.76,98.92,3,18.14,24.06,B,Good
STU271,Student 271,Female,19,67.09,43.2,27.88,22.63,69.05,6,23.33,34.42,D,At Risk
STU272,Student 272,Female,21,62.97,35.49,26.44,49.58,72.17,3,23.88,10.96,C,Average
STU273,Student 273,Female,21,68.98,45.39,20.21,30.89,72.16,1,9.72,14.66,D,At Risk
STU274,Student 274,Female,22,79.51,22.2,25.7,39.09,69.22,5,7.72,15.08,D,At Risk
STU275,Student 275,Male,18,63.4,18.92,45.68,19.92,60.06,10,2.47,17.57,D,At Risk
STU276,Student 276,Female,18,81.21,24.44,49.87,32.0,89.17,4,21.02,28.37,C,Average
STU277,Student 277,Male,20,70.47,17.0,27.89,15.96,98.67,7,4.14,40.09,D,At Risk
STU278,Student 278,Female,22,77.6,33.59,30.7,32.69,68.97,6,13.78,46.22,C,Average
STU279,Student 279,Male,21,71.81,47.78,40.27,48.74,86.52,10,18.85,43.41,A,Excellent
STU280,Student 280,Female,18,64.72,16.38,46.02,28.45,89.68,7,28.24,17.88,C,Average
STU281,Student 281,Female,21,97.42,19.27,35.76,16.36,93.94,5,10.73,27.65,C,Average
STU282,Student 282,Female,18,88.18,30.83,28.7,16.08,76.91,4,8.99,17.98,D,At Risk
STU283,Student 283,Female,18,57.01,47.69,29.44,28.58,72.12,7,20.32,20.58,C,Average
STU284,Student 284,Male,18,93.42,26.07,39.35,20.6,73.01,7,19.34,30.14,C,Average
STU285,Student 285,Female,22,74.37,32.75,15.11,15.82,88.5,6,11.3,12.72,D,At Risk
STU286,Student 286,Male,19,94.73,16.46,36.69,41.47,92.67,8,27.99,18.73,B,Good
STU287,Student 287,Male,21,89.99,20.19,27.44,31.05,67.26,4,25.66,47.42,D,At Risk
STU288,Student 288,Male,22,71.26,49.53,42.8,25.12,74.84,10,8.27,28.64,B,Good
STU289,Student 289,Male,22,51.12,48.78,18.25,46.5,96.08,5,8.7,27.82,C,Average
STU290,Student 290,Female,22,63.43,15.17,35.59,19.06,92.27,4,16.34,10.58,D,At Risk
STU291,Student 291,Male,22,77.08,48.31,31.83,48.46,99.39,1,23.66,19.9,B,Good
STU292,Student 292,Male,22,81.67,37.37,37.48,25.99,90.17,8,3.23,44.65,B,Good
STU293,Student 293,Male,20,62.89,45.38,17.27,46.09,75.73,1,21.41,16.59,D,At Risk
STU294,Student 294,Female,21,56.97,30.92,35.3,36.1,83.63,5,20.15,26.6,C,Average
STU295,Student 295,Female,22,91.75,33.05,34.65,43.93,86.44,6,8.48,10.57,B,Good
STU296,Student 296,Female,21,99.22,32.11,34.62,49.44,63.14,6,21.08,29.13,B,Good
STU297,Student 297,Female,20,76.28,38.34,36.12,25.09,81.78,5,28.33,10.84,C,Average
STU298,Student 298,Male,20,58.58,19.89,38.68,48.64,88.37,3,3.31,42.78,C,Average
STU299,Student 299,Male,21,63.62,16.05,43.17,28.63,66.69,5,10.95,42.99,D,At Risk
STU300,Student 300,Female,18,50.92,25.78,24.44,28.49,91.23,8,14.27,41.51,D,At Risk
STU301,Student 301,Male,19,95.71,39.66,43.88,26.91,83.35,2,27.18,21.33,C,Average
STU302,Student 302,Male,18,55.89,22.06,32.44,33.95,98.09,6,28.94,43.49,C,Average
STU303,Student 303,Male,18,78.83,38.57,17.7,20.4,61.7,9,14.44,31.72,D,At Risk
STU304,Student 304,Female,18,63.7,48.95,17.05,34.38,70.61,8,23.0,24.95,C,Average
STU305,Student 305,Female,22,77.71,18.29,26.7,33.96,84.06,8,16.89,35.01,C,Average
STU306,Student 306,Male,20,82.57,38.54,42.47,41.67,71.86,8,17.06,10.49,B,Good
STU307,Student 307,Female,18,91.49,30.53,39.77,44.18,88.58,7,9.79,15.72,B,Good
STU308,Student 308,Female,20,60.32,45.38,42.6,30.42,90.36,8,8.07,39.69,B,Good
STU309,Student 309,Female,21,50.55,21.2,33.1,25.58,64.1,6,10.06,19.77,D,At Risk
STU310,Student 310,Female,19,56.84,39.24,30.41,24.08,80.55,2,17.58,33.92,D,At Risk
STU311,Student 311,Female,21,95.0,44.33,20.16,21.81,80.36,2,2.82,25.4,C,Average
STU312,Student 312,Male,21,93.69,48.06,26.49,17.02,74.77,8,27.4,44.19,C,Average
STU313,Student 313,Female,22,79.87,38.91,30.19,26.99,97.32,1,6.38,48.1,C,Average
STU314,Student 314,Male,19,80.03,32.4,18.1,24.46,93.1,6,8.16,45.34,C,Average
STU315,Student 315,Male,21,83.25,36.62,22.72,48.82,87.89,6,16.51,20.82,B,Good
STU316,Student 316,Female,21,58.77,45.41,35.94,34.52,88.57,4,21.88,17.77,C,Average
STU317,Student 317,Male,19,95.72,34.97,40.75,27.15,78.47,10,4.68,28.98,B,Good
STU318,Student 318,Male,19,70.94,16.06,49.94,35.32,96.84,3,10.9,10.29,C,Average
STU319,Student 319,Male,21,69.16,47.58,47.66,19.87,87.78,3,29.12,11.03,C,Average
STU320,Student 320,Female,19,75.95,39.13,37.49,30.54,89.16,1,9.35,32.13,C,Average
STU321,Student 321,Female,21,52.35,38.68,29.74,36.92,94.47,3,10.77,30.82,C,Average
STU322,Student 322,Male,21,58.31,22.55,37.27,32.11,70.96,4,25.42,49.78,D,At Risk
STU323,Student 323,Female,22,86.9,38.06,42.5,29.06,92.28,5,3.41,18.07,B,Good
STU324,Student 324,Female,18,54.14,28.79,19.14,49.78,67.81,3,15.01,20.32,D,At Risk
STU325,Student 325,Female,21,80.16,37.79,29.35,45.81,73.81,6,12.63,14.54,C,Average
STU326,Student 326,Female,20,62.27,18.73,44.39,36.82,73.42,5,10.86,46.7,C,Average
STU327,Student 327,Male,18,69.46,38.02,28.43,34.93,99.14,3,10.0,41.11,C,Average
STU328,Student 328,Male,18,64.43,49.98,35.02,36.72,94.26,6,4.56,42.89,B,Good
STU329,Student 329,Female,18,67.78,16.69,35.57,22.05,88.05,6,10.82,46.11,D,At Risk
STU330,Student 330,Female,22,85.95,49.2,21.46,28.83,89.08,8,3.21,31.0,B,Good
STU331,Student 331,Male,21,64.86,29.24,27.68,16.38,82.48,2,23.87,28.05,D,At Risk
STU332,Student 332,Male,22,78.32,45.48,26.71,31.64,97.88,1,13.15,23.22,C,Average
STU333,Student 333,Female,21,73.8,42.38,15.92,34.01,79.85,4,14.43,33.57,C,Average
STU334,Student 334,Male,22,83.18,34.85,15.85,22.97,75.22,7,27.02,28.17,D,At Risk
STU335,Student 335,Female,22,96.84,40.85,44.11,48.74,66.52,10,20.43,28.06,A,Excellent
STU336,Student 336,Female,20,86.63,45.75,24.56,46.83,91.45,3,2.23,47.48,B,Good
STU337,Student 337,Male,22,60.75,29.14,33.13,40.28,89.38,3,28.41,49.36,C,Average
STU338,Student 338,Male,19,51.56,26.45,25.46,33.67,75.37,5,8.64,41.86,D,At Risk
STU339,Student 339,Female,20,63.11,38.37,47.92,45.45,61.01,5,5.01,40.27,C,Average
STU340,Student 340,Female,22,79.75,43.27,24.08,19.57,93.56,10,23.51,37.22,C,Average
STU341,Student 341,Male,18,52.57,41.68,30.04,42.67,60.46,3,16.01,16.64,D,At Risk
STU342,Student 342,Female,19,74.82,42.92,45.55,19.37,88.15,9,14.15,12.36,B,Good
STU343,Student 343,Male,19,79.84,30.25,44.47,42.8,98.81,4,8.99,37.63,B,Good
STU344,Student 344,Female,19,66.71,43.62,21.51,24.65,77.51,3,17.33,39.15,D,At Risk
STU345,Student 345,Male,20,88.55,19.21,43.09,45.7,69.4,2,9.68,11.88,C,Average
STU346,Student 346,Male,22,55.33,34.06,31.04,48.04,88.19,10,27.24,47.12,B,Good
STU347,Student 347,Male,22,53.76,15.2,31.9,20.21,92.69,9,8.03,13.65,D,At Risk
STU348,Student 348,Female,18,86.41,26.36,19.67,31.19,81.86,4,26.76,21.44,D,At Risk
STU349,Student 349,Female,18,74.77,27.83,17.82,49.33,98.68,3,17.66,36.9,C,Average
STU350,Student 350,Male,19,84.42,28.87,40.48,31.92,62.07,7,25.2,16.79,C,Average
STU351,Student 351,Female,18,71.74,39.34,32.38,45.22,80.19,8,21.96,12.22,B,Good
STU352,Student 352,Male,20,62.32,28.6,30.29,35.61,88.74,2,21.51,23.25,D,At Risk
STU353,Student 353,Male,22,90.96,30.7,40.53,28.14,94.51,7,11.08,40.64,B,Good
STU354,Student 354,Female,19,89.97,23.31,41.79,25.0,67.17,5,8.55,26.55,C,Average
STU355,Student 355,Female,18,84.73,28.06,20.56,22.11,92.0,5,7.9,36.12,D,At Risk
STU356,Student 356,Male,20,63.61,22.95,36.36,41.66,82.11,3,26.0,33.18,C,Average
STU357,Student 357,Female,20,79.51,17.56,19.74,28.53,75.86,5,24.97,10.89,D,At Risk
STU358,Student 358,Female,18,68.05,36.12,41.3,32.89,65.27,2,14.34,49.54,C,Average
STU359,Student 359,Male,22,54.58,38.39,37.99,32.23,94.61,4,5.71,11.66,C,Average
STU360,Student 360,Male,18,95.87,36.68,48.48,35.2,66.29,6,12.7,48.71,B,Good
STU361,Student 361,Female,19,56.84,31.22,17.41,45.3,72.39,1,19.34,31.99,D,At Risk
STU362,Student 362,Male,18,97.51,28.29,17.0,49.33,71.6,10,14.72,48.53,B,Good
STU363,Student 363,Male,20,72.3,45.22,24.88,29.27,94.86,4,23.85,14.59,C,Average
STU364,Student 364,Female,18,59.26,33.17,24.16,43.96,86.91,6,29.93,29.62,C,Average
STU365,Student 365,Male,22,77.1,31.77,23.64,41.76,91.87,9,7.35,16.78,B,Good
STU366,Student 366,Male,21,93.65,15.9,46.72,35.07,70.02,2,14.87,12.04,C,Average
STU367,Student 367,Female,18,86.61,26.94,23.73,48.46,84.99,7,14.07,34.7,C,Average
STU368,Student 368,Female,22,90.33,28.31,24.52,22.02,82.87,6,10.53,18.31,C,Average
STU369,Student 369,Male,22,82.94,28.96,41.58,18.82,93.31,2,7.55,33.51,C,Average
STU370,Student 370,Male,20,84.61,35.31,30.74,44.89,96.24,8,3.84,14.49,B,Good
STU371,Student 371,Female,22,92.46,33.68,42.18,30.37,60.49,7,26.84,23.28,C,Average
STU372,Student 372,Female,22,62.48,36.28,17.29,44.64,86.96,5,13.76,41.27,C,Average
STU373,Student 373,Female,22,74.47,41.77,32.06,46.26,62.07,5,15.91,27.48,C,Average
STU374,Student 374,Female,22,61.06,43.45,16.18,17.19,81.95,7,27.67,35.11,D,At Risk
STU375,Student 375,Male,19,99.38,40.13,17.19,45.92,71.51,9,23.74,35.9,B,Good
STU376,Student 376,Female,19,97.2,48.44,46.73,30.69,72.27,9,5.65,43.75,B,Good
STU377,Student 377,Female,20,51.97,15.64,19.87,32.87,74.12,9,17.83,23.0,D,At Risk
STU378,Student 378,Male,18,85.28,21.85,33.63,36.93,84.85,6,14.38,37.49,C,Average
STU379,Student 379,Female,22,96.26,15.26,29.39,47.42,73.36,10,24.32,48.46,C,Average
STU380,Student 380,Male,18,59.03,37.66,27.16,15.67,89.31,6,22.28,39.21,D,At Risk
STU381,Student 381,Female,18,78.4,46.43,46.49,31.69,76.18,3,21.33,29.59,B,Good
STU382,Student 382,Female,20,95.77,23.52,15.76,39.07,62.73,1,11.54,35.23,D,At Risk
STU383,Student 383,Female,22,51.7,47.45,38.23,40.29,91.35,7,24.54,39.59,B,Good
STU384,Student 384,Male,22,84.87,17.11,48.72,39.24,71.43,4,3.47,34.49,C,Average
STU385,Student 385,Male,21,64.87,47.71,34.61,19.71,77.31,1,6.47,10.67,D,At Risk
STU386,Student 386,Female,18,96.22,27.31,47.79,25.48,87.42,8,11.4,17.79,B,Good
STU387,Student 387,Male,18,98.55,18.55,16.83,27.56,73.3,6,4.15,42.42,D,At Risk
STU388,Student 388,Male,19,97.21,32.01,29.66,43.16,62.26,6,8.58,20.91,C,Average
STU389,Student 389,Male,21,73.71,23.99,24.11,24.76,74.96,2,25.24,39.26,D,At Risk
STU390,Student 390,Male,19,93.1,24.97,40.58,22.37,97.78,1,28.55,24.88,C,Average
STU391,Student 391,Male,19,92.23,25.76,49.35,48.51,85.67,2,10.53,30.88,B,Good
STU392,Student 392,Male,19,65.96,43.11,23.98,15.31,86.86,4,9.41,12.72,D,At Risk
STU393,Student 393,Female,20,91.45,33.87,37.9,49.92,85.29,2,9.84,17.25,B,Good
STU394,Student 394,Female,20,51.85,25.9,21.93,38.69,67.96,1,9.78,48.29,D,At Risk
STU395,Student 395,Male,19,79.81,36.36,34.79,44.0,76.73,7,3.01,45.61,B,Good
STU396,Student 396,Female,21,61.5,40.07,31.24,25.31,90.04,8,27.95,36.09,C,Average
STU397,Student 397,Female,18,56.03,24.54,49.02,15.5,64.05,6,7.98,28.39,D,At Risk
STU398,Student 398,Female,21,53.85,29.47,36.3,40.83,71.11,4,13.76,37.03,D,At Risk
STU399,Student 399,Female,22,84.81,19.27,27.23,44.2,71.05,6,2.27,34.74,C,Average
STU400,Student 400,Male,20,66.99,21.34,18.99,40.92,77.28,3,26.02,32.74,D,At Risk
STU401,Student 401,Female,18,86.24,38.84,20.29,20.0,99.21,8,22.47,12.37,C,Average
STU402,Student 402,Female,18,53.27,21.35,22.89,41.37,62.7,10,28.51,35.31,D,At Risk
STU403,Student 403,Male,22,65.76,33.38,23.78,41.91,80.75,2,23.89,40.76,D,At Risk
STU404,Student 404,Male,22,76.97,39.82,44.77,38.05,67.17,5,10.78,49.76,C,Average
STU405,Student 405,Female,19,89.54,18.74,34.64,41.81,98.83,1,8.94,10.44,C,Average
STU406,Student 406,Female,20,65.94,34.86,33.32,44.61,64.53,6,21.54,39.21,C,Average
STU407,Student 407,Female,20,81.29,23.98,19.02,36.48,76.14,2,12.2,32.87,D,At Risk
STU408,Student 408,Female,21,94.3,48.7,45.1,18.1,89.52,4,17.85,27.36,B,Good
STU409,Student 409,Female,19,80.79,31.92,40.3,32.07,88.18,6,2.18,15.1,C,Average
STU410,Student 410,Female,19,61.65,43.21,17.37,17.72,76.91,10,3.73,26.36,D,At Risk
STU411,Student 411,Male,19,51.22,34.26,39.77,29.26,73.86,8,16.99,24.18,C,Average
STU412,Student 412,Female,19,93.5,16.52,34.02,29.25,75.9,8,17.85,22.11,C,Average
STU413,Student 413,Female,20,51.06,37.16,17.86,17.31,70.57,6,23.04,39.24,D,At Risk
STU414,Student 414,Male,20,93.74,48.3,31.04,27.21,68.21,4,5.7,38.03,C,Average
STU415,Student 415,Male,19,76.45,36.06,31.96,18.88,79.32,8,16.37,33.56,C,Average
STU416,Student 416,Male,21,96.95,43.67,20.8,43.29,70.74,8,7.44,47.55,B,Good
STU417,Student 417,Male,18,89.94,45.95,48.1,48.17,71.5,10,4.61,23.99,A,Excellent
STU418,Student 418,Female,18,99.9,22.98,44.75,17.53,86.27,1,13.49,19.75,C,Average
STU419,Student 419,Female,21,67.54,22.42,38.42,48.43,98.74,4,6.57,36.24,C,Average
STU420,Student 420,Female,19,88.36,36.38,31.18,33.29,84.15,4,8.21,17.95,C,Average
STU421,Student 421,Female,20,70.1,29.39,29.41,25.48,63.08,7,10.89,22.6,D,At Risk
STU422,Student 422,Female,18,73.99,44.4,37.78,17.69,63.02,7,9.26,18.98,C,Average
STU423,Student 423,Female,22,81.38,46.5,34.09,32.52,98.06,8,4.45,12.77,B,Good
STU424,Student 424,Male,22,93.68,27.37,17.18,42.81,71.89,5,4.52,43.1,C,Average
STU425,Student 425,Female,21,99.2,23.29,32.94,39.75,63.68,7,7.41,20.18,C,Average
STU426,Student 426,Male,19,88.41,42.32,43.22,16.76,83.96,8,3.42,28.92,B,Good
STU427,Student 427,Male,18,70.89,24.62,31.07,17.55,84.95,9,19.54,11.73,D,At Risk
STU428,Student 428,Female,19,71.07,43.79,16.82,29.1,85.94,3,10.05,37.97,D,At Risk
STU429,Student 429,Male,18,86.88,29.83,42.52,25.34,70.7,3,9.83,23.22,C,Average
STU430,Student 430,Female,21,61.94,38.36,22.05,23.13,60.6,4,11.3,39.79,D,At Risk
STU431,Student 431,Male,21,55.52,18.34,24.05,24.84,98.6,5,20.56,26.5,D,At Risk
STU432,Student 432,Female,22,67.73,36.84,20.76,43.12,70.04,10,26.38,17.83,C,Average
STU433,Student 433,Male,19,64.36,30.81,26.56,47.52,87.04,1,23.25,30.53,C,Average
STU434,Student 434,Female,22,64.82,35.53,41.49,29.18,88.27,7,22.37,15.22,C,Average
STU435,Student 435,Female,19,61.68,20.88,33.18,46.71,84.4,9,15.56,27.62,C,Average
STU436,Student 436,Female,22,52.1,40.79,22.17,26.25,72.52,8,21.43,22.69,D,At Risk
STU437,Student 437,Female,20,50.89,45.2,45.72,31.68,70.84,5,17.48,46.48,C,Average
STU438,Student 438,Female,20,99.39,22.59,45.79,22.91,83.91,4,8.06,12.44,C,Average
STU439,Student 439,Male,20,71.39,18.35,45.47,37.42,94.64,7,7.84,37.76,C,Average
STU440,Student 440,Male,20,69.22,15.83,23.36,49.26,97.87,5,10.3,17.31,C,Average
STU441,Student 441,Male,18,83.98,37.47,30.79,36.12,64.24,7,27.5,22.76,C,Average
STU442,Student 442,Female,20,60.91,36.25,49.47,27.52,66.19,1,17.33,26.62,D,At Risk
STU443,Student 443,Male,21,97.5,34.13,42.02,37.67,97.79,1,22.55,46.32,B,Good
STU444,Student 444,Female,21,89.32,23.12,15.95,19.3,89.46,10,11.7,19.7,C,Average
STU445,Student 445,Female,18,54.47,28.68,17.28,46.1,95.32,3,13.42,13.65,D,At Risk
STU446,Student 446,Male,20,70.88,35.81,31.24,32.61,68.11,2,5.52,22.75,D,At Risk
STU447,Student 447,Male,20,93.96,32.39,46.82,30.73,83.5,2,6.8,14.19,C,Average
STU448,Student 448,Female,20,97.24,49.57,33.85,35.51,88.05,7,25.17,15.14,B,Good
STU449,Student 449,Male,22,73.37,19.78,32.42,36.87,87.2,10,18.38,32.95,C,Average
STU450,Student 450,Female,19,80.67,39.33,18.69,17.51,76.33,2,11.45,12.44,D,At Risk
STU451,Student 451,Female,22,58.35,29.15,37.99,38.89,60.62,4,24.48,11.24,D,At Risk
STU452,Student 452,Female,19,99.56,29.99,43.77,23.47,83.32,2,8.9,38.58,C,Average
STU453,Student 453,Female,20,61.58,40.12,28.31,39.99,70.12,6,29.33,24.47,C,Average
STU454,Student 454,Female,20,97.14,39.24,42.15,43.79,78.01,8,11.65,15.02,B,Good
STU455,Student 455,Male,22,82.48,49.69,48.76,43.14,98.3,10,11.44,20.14,A,Excellent
STU456,Student 456,Male,22,80.39,19.49,22.13,34.34,75.96,4,10.73,35.68,D,At Risk
STU457,Student 457,Female,19,75.63,18.64,33.32,33.21,93.59,5,5.42,21.02,C,Average
STU458,Student 458,Female,21,61.53,40.35,25.05,20.0,67.54,4,5.11,29.78,D,At Risk
STU459,Student 459,Male,19,58.83,35.24,42.75,42.14,86.9,3,20.15,14.87,C,Average
STU460,Student 460,Male,22,61.02,24.6,35.22,24.5,99.08,5,26.5,33.52,C,Average
STU461,Student 461,Female,22,59.32,17.78,37.21,32.38,64.08,9,24.13,22.64,D,At Risk
STU462,Student 462,Male,18,88.98,18.0,42.93,24.95,60.33,8,5.95,35.08,C,Average
STU463,Student 463,Female,22,67.51,46.3,28.86,19.68,77.34,8,17.28,42.34,C,Average
STU464,Student 464,Male,18,52.89,21.72,47.03,37.03,63.71,8,4.96,34.47,C,Average
STU465,Student 465,Female,21,98.46,26.32,33.66,16.9,89.94,8,3.27,21.83,C,Average
STU466,Student 466,Male,19,94.19,22.93,20.53,41.2,96.58,7,20.38,20.23,C,Average
STU467,Student 467,Female,19,96.39,27.42,39.36,26.12,77.36,8,16.98,23.1,C,Average
STU468,Student 468,Male,18,99.75,17.43,42.76,15.0,70.35,8,4.3,16.58,C,Average
STU469,Student 469,Male,19,58.69,33.17,26.09,32.89,77.38,8,2.98,17.25,C,Average
STU470,Student 470,Female,22,69.81,17.37,45.0,16.64,88.94,10,29.71,41.63,C,Average
STU471,Student 471,Male,20,87.91,43.01,46.72,24.67,60.36,7,2.84,25.39,C,Average
STU472,Student 472,Female,18,84.8,23.18,24.69,39.74,83.58,1,14.45,27.44,D,At Risk
STU473,Student 473,Male,19,57.69,33.9,49.42,17.19,84.53,4,16.13,33.76,C,Average
STU474,Student 474,Female,18,90.79,45.8,19.92,44.38,85.51,4,5.28,33.59,B,Good
STU475,Student 475,Male,18,61.22,37.78,22.07,15.13,69.68,5,6.73,12.7,D,At Risk
STU476,Student 476,Female,20,61.19,33.65,21.45,23.64,88.56,10,11.85,43.26,C,Average
STU477,Student 477,Male,22,76.85,26.35,46.29,40.93,63.66,6,23.33,17.09,C,Average
STU478,Student 478,Female,18,79.65,26.66,37.9,26.07,67.97,4,16.2,38.92,D,At Risk
STU479,Student 479,Male,19,79.0,38.43,20.32,18.57,95.1,2,19.86,40.91,D,At Risk
STU480,Student 480,Female,21,54.57,49.79,30.41,27.61,89.55,6,29.58,38.6,C,Average
STU481,Student 481,Female,18,93.87,38.16,36.54,24.46,60.55,8,23.5,33.16,C,Average
STU482,Student 482,Female,18,63.28,34.52,17.92,44.49,69.94,8,14.16,10.58,C,Average
STU483,Student 483,Male,20,56.48,40.57,45.88,25.97,68.58,7,14.5,24.42,C,Average
STU484,Student 484,Female,22,94.44,31.28,43.13,42.61,70.83,6,19.33,34.19,B,Good
STU485,Student 485,Male,21,97.78,17.1,32.68,46.22,69.9,2,20.63,25.5,C,Average
STU486,Student 486,Female,19,93.11,34.68,48.85,30.18,62.5,7,16.02,44.54,B,Good
STU487,Student 487,Male,21,90.48,48.52,29.62,46.85,78.36,5,20.06,22.35,B,Good
STU488,Student 488,Female,19,82.76,21.14,49.44,28.21,89.31,6,2.66,21.74,C,Average
STU489,Student 489,Male,22,77.54,39.15,38.38,48.74,84.27,10,14.03,20.64,B,Good
STU490,Student 490,Male,19,54.35,22.03,37.21,18.13,86.91,8,9.81,23.31,D,At Risk
STU491,Student 491,Female,20,70.42,33.75,20.81,39.05,63.25,8,5.62,32.3,C,Average
STU492,Student 492,Male,20,68.63,18.38,45.87,32.28,98.06,3,4.79,38.28,C,Average
STU493,Student 493,Male,20,62.99,30.76,29.96,28.57,93.54,7,18.89,36.5,C,Average
STU494,Student 494,Female,20,86.17,41.47,20.68,37.14,92.2,1,16.66,42.31,C,Average
STU495,Student 495,Male,21,74.79,27.17,15.44,39.63,92.92,1,9.1,45.44,D,At Risk
STU496,Student 496,Male,22,54.05,38.27,34.59,15.15,97.31,7,15.19,42.64,C,Average
STU497,Student 497,Male,19,61.01,42.84,33.46,20.84,81.77,10,15.78,10.76,C,Average
STU498,Student 498,Female,19,84.16,47.45,40.18,39.96,68.01,9,7.46,39.44,B,Good
STU499,Student 499,Male,20,53.81,23.21,46.16,38.32,84.67,7,20.26,18.34,C,Average
STU500,Student 500,Female,20,92.56,28.98,17.78,48.81,89.72,10,23.87,15.32,B,Good
